"V1","V2","V3","V4","V5","V6","V7","V8","V9","V10","V11","V12","V13","V14","V15","V16","V17","V18","V19","V20","V21","V22","V23","V24","V25","V26","V27","V28","V29","V30","V31","V32","V33","V34","V35","V36","V37","V38","V39","V40","V41","V42","V43","V44","V45","V46","V47","V48","V49","V50","V51"
"the","is","of","this","a","and","he","to","i","it","mj","for","people","all","br","but","in","most","one","or","so","with","bad","going","his","just","know","like","maybe","mjs","movie","sequence","when","which","who","about","also","an","are","as","at","because","cool","drugs","fans","feature","film","guilty","guy","hate","1"
"the","to","that","a","and","classic","critics","hines","it","with","be","being","book","effort","entertaining","film","in","is","movie","mr","obviously","only","those","very","we","wells","who","agree","amateur","appreciated","as","baseslike","by","can","comes","criticize","cruise","different","doing","easy","eg","enjoyed","entertained","envision","every","everyone","everything","fact","faithful","faithfully","1"
"and","the","of","with","a","are","by","to","animals","for","is","its","or","sabretooths","against","center","deadly","fearsome","fight","films","from","giant","in","it","many","miller","most","natures","no","one","performances","predators","prey","primal","sabretooth","savagely","security","smilodon","some","stalking","though","when","â","about","addition","afoul","agent","âjurassik","ambition","an","0"
"the","of","a","in","and","as","to","that","for","is","or","an","film","who","with","about","but","by","care","dont","opera","sound","this","another","are","be","br","conductor","double","either","high","i","jordan","kind","me","music","one","our","parsifal","syberberg","theatre","though","very","wagners","we","what","which","actors","adds","after","0"
"and","the","a","as","but","is","of","with","bo","for","in","at","even","his","ingrid","plot","that","to","what","you","â","all","an","because","big","fire","her","i","it","later","life","minutes","off","over","sense","their","up","were","when","white","accent","actors","actual","anyway","appropriate","are","attractions","barely","battles","beating","1"
"the","this","a","and","good","harry","is","its","movie","as","dirty","i","in","liked","not","of","some","you","action","bad","better","but","change","cop","dead","does","dont","eastwood","either","for","form","got","gratuitous","hingle","hurt","if","know","like","location","lot","offensive","one","only","pat","people","plot","pool","pretty","see","should","1"
"movie","it","the","this","and","but","have","is","on","a","been","could","i","if","of","story","who","would","acting","an","anything","around","as","avoid","background","bad","better","centers","cheesy","christopher","clearly","comes","completely","drags","druid","effects","evil","explains","for","gets","good","had","has","just","keeps","like","linked","looked","looks","lousy","0"
"the","video","a","of","to","is","his","this","and","astronauts","has","he","i","in","movie","not","one","or","with","about","against","american","at","ax","bad","believe","blowups","broadcast","buying","capricorn","claims","clip","clips","cover","crew","curiously","did","edits","ends","extremely","film","flight","friends","from","general","glad","grind","gun","had","house","0"
"the","a","as","and","it","of","to","film","his","sandler","adam","big","br","comedian","dickie","in","is","sea","successful","this","was","with","â","about","all","at","audience","barrel","bathroom","become","billy","bob","bottom","bought","break","breaking","burt","character","chisel","comedic","consistently","cruise","dead","despite","due","earhole","even","featuring","for","fourth","0"
"the","a","br","is","movie","this","about","and","clear","face","full","future","ii","in","itâs","ladybugâs","like","lorre","mad","many","masterpiece","max","more","much","of","one","or","others","peter","reference","references","talk","to","tribute","weâll","wild",NA,NA,NA,NA,NA,NA,NA,NA,NA,NA,NA,NA,NA,NA,"1"
"of","and","their","a","an","another","army","border","bulletproof","busey","butts","by","cast","commies","course","cultural","decent","eastern","european","example","fallout","forces","gary","gather","godless","happens","headed","jones","kicks","l","laughable","q","rasulala","reaganera","south","supporting","thalmus","the","towelheads","wastes","wetbacks","what","when",NA,NA,NA,NA,NA,NA,NA,"0"
"is","the","and","i","of","this","br","film","no","not","play","that","to","a","are","as","edwards","eric","his","in","it","on","question","remakes","so","time","top","was","your","about","actors","actual","actually","all","although","always","an","anthony","be","believing","brother","capote","case","certain","certainty","clearly","comment","comparisonbr","didnt","do","1"
"the","in","a","of","is","and","as","br","to","by","for","some","this","while","but","has","his","i","it","more","range","than","that","trip","we","will","â","about","an","bbc","been","break","british","conveyed","down","from","good","have","into","kids","mr","on","or","purposes","quite","role","school","showed","such","teacher","1"
"a","the","br","for","i","and","bad","be","he","just","like","money","nothing","ok","sg","that","to","too","voice","about","above","actually","after","amateurish","an","another","any","appear","asking","b","better","by","cameramen","care","cause","cgrade","champagne","couple","designerbr","dubbed","dubbing","editing","emails","enough","etc","feeling","final","flick","flickbr","forgivenessbr","0"
"the","a","and","i","is","that","to","would","you","br","for","riff","so","this","absurdity","all","at","bad","betterbr","bill","book","breederbr","buy","cant","club","complete","could","credit","crew","dialog","did","disown","do","dont","drama","even","favorite","fun","george","give","good","hamlet","hand","he","high","his","it","junior","like","litman","0"
"the","it","a","br","by","to","and","as","has","is","king","of","out","that","about","cemetery","disturbing","in","not","pet","really","which","with","absolute","adaptation","aged","also","any","anything","are","at","average","back","being","below","better","beyond","brad","burial","buried","cameo","cant","close","clumsy","comes","completely","continues","course","dale","decent","0"
"the","is","it","to","a","in","that","but","matrix","of","br","and","first","one","poor","all","as","even","for","interesting","its","only","reloaded","special","this","was","with","after","agent","also","an","at","be","better","doesnt","effects","good","have","here","just","make","most","movie","much","other","part","plot","smith","there","they","0"
"the","is","to","a","and","of","this","i","one","in","sequel","at","boogey","but","film","it","man","no","was","br","if","its","least","not","or","an","be","for","has","ii","interesting","original","that","thats","there","about","above","acting","adds","all","another","anything","are","by","decisions","director","either","entertaining","ever","far","0"
"the","of","and","in","to","br","cinema","for","indian","its","kumari","while","with","a","are","as","away","be","film","had","her","meena","movie","scenes","some","styled","that","this","was","when","would","abyss","accentuate","always","among","amrohi","an","annals","appeal","approval","artificially","at","attention","because","before","berserk","binding","blew","bond","cinemas","1"
"a","the","and","br","film","people","this","alone","character","felt","fineman","his","is","it","johnson","may","not","of","story","to","was","you","about","actually","additive","alonebr","assure","at","being","blessings","by","cast","cheadle","cheadles","comic","especially","ever","feel","fine","for","forget","great","had","have","here","i","if","in","jada","jerry","1"
"the","and","of","a","is","in","for","most","one","still","very","by","food","great","little","role","s","soylent","that","this","with","abominable","alive","although","an","apocalyptic","as","at","atmosphere","attacking","available","baron","be","because","best","big","blood","book","but","cast","charlton","cinema","classic","climate","climax","come","company","consider","contemporary","cop","1"
"a","the","to","of","with","and","for","he","is","it","this","when","as","at","br","mike","one","sex","that","through","an","awfully","bound","but","couples","if","men","over","scope","thats","towards","women","activity","actually","afterthought","again","all","amusing","andor","another","any","are","atmospheric","attitude","beauty","before","believes","by","clothes","comes","1"
"of","the","and","in","to","as","his","with","ballantine","cutter","macchesney","sergeant","a","about","an","are","army","british","cary","grant","he","higginbotham","india","on","plans","their","them","this","three","accompany","action","adventure","all","alpha","archibald","assorted","august","back","ballentines","based","bearer","because","become","bertie","black","bloodthirsty","blows","business","called","cannot","1"
"it","that","to","a","animal","back","be","clips","constructed","dont","for","from","go","have","hours","i","if","into","life","loosely","love","must","my","of","planet","script","see","seemed","series","several","spliced","steves","the","two","video","wait","was","would","you",NA,NA,NA,NA,NA,NA,NA,NA,NA,NA,NA,"0"
"a","for","the","amateur","an","binks","by","coughed","credibility","dog","fanatics","film","found","fx","hairball","has","in","lame","mostly","movie","mr","of","old","one","probably","really","recently","script","she","this","up","was","with","you","zetajones",NA,NA,NA,NA,NA,NA,NA,NA,NA,NA,NA,NA,NA,NA,NA,"0"
"a","of","he","it","one","was","and","for","much","as","at","fun","had","nero","so","that","the","this","very","who","with","all","amazing","an","artistic","bandaur","but","career","christians","circus","course","did","different","earth","emperor","empire","ever","evil","film","found","got","have","henchmen","his","i","in","incarnate","interesting","is","ken","1"
"the","a","to","of","and","movie","this","in","paul","as","if","is","just","water","all","entire","give","hammerhead","her","i","itching","me","monster","name","on","one","scientists","shark","thats","there","ability","about","allows","along","ambush","an","arent","because","been","but","campy","care","channel","come","contrived","could","course","daggersharp","decent","did","0"
"the","this","and","of","to","a","i","who","you","br","but","film","is","actually","are","be","care","didnt","die","dies","first","for","in","money","my","that","they","well","what","about","actors","actorsthey","after","afterwards","also","an","as","at","back","baught","biggest","bit","camera","can","cant","cares","carpenter","character","charactersbr","chick","0"
"the","and","i","to","a","is","this","that","of","gay","film","it","my","in","on","are","be","so","with","arthur","ben","as","but","connection","culture","how","its","only","purchase","was","without","would","â","almost","am","bad","ever","every","has","have","make","not","one","or","over","q","right","video","videos","you","0"
"i","a","and","of","avoid","film","it","or","the","dont","films","have","in","little","need","one","there","they","to","watch","will","would","absolutely","any","anyone","anything","anywhere","appear","around","art","because","but","call","children","cinematic","comment","contain","countryside","day","didnt","dire","encountered","explanation","find","for","from","girls","got","havent","how","0"
"and","it","a","although","an","any","as","be","betrays","builds","burton","celebrated","closed","disaster","display","doesnt","either","english","face","film","his","in","is","its","lorens","maligned","may","movie","much","never","not","of","old","origins","overly","passion","remake","richard","role","sleepwalks","sophia","tension","this","through","total","tv","unmemorable","unremarkable","which",NA,"0"
"of","to","a","all","and","his","the","despite","dunst","it","kristen","out","pegg","simon","we","american","amusing","an","bad","based","be","because","behavior","big","br","bridges","brought","but","cap","celebrity","co","comedy","completely","complications","continues","control","couch","course","create","crude","danny","end","england","evening","fact","film","for","frequent","from","grown","1"
"a","the","and","of","is","that","way","but","film","films","good","in","it","like","novel","something","to","about","achievement","adaptation","also","an","analysis","arent","as","ask","best","blackly","bleak","book","both","bukowski","cb","charles","could","cynical","depressed","describe","disrespect","downbeat","engineer","equally","examples","faithful","firstperson","for","french","funny","great","heavily","1"
"the","and","a","her","in","is","of","to","eva","for","movie","very","has","have","i","with","husband","this","also","an","are","back","beauty","brazil","brazilian","by","chance","damaged","film","first","hedy","home","it","just","lamarr","love","minutes","not","one","only","other","parts","privation","that","time","used","vhs","way","achieved","affair","1"
"the","is","it","a","to","of","that","and","i","be","jeroen","so","was","even","film","good","hes","if","in","joke","krabbã","supposed","as","do","he","just","mans","mr","not","sharp","some","you","an","at","because","becomes","box","br","butt","care","character","director","enough","etc","funny","gerard","im","interesting","isnt","office","0"
"the","i","and","that","br","is","of","are","in","movie","out","to","a","sky","this","would","acting","after","better","captain","it","was","entire","growing","had","have","just","law","minutes","movies","now","only","paltrow","performers","rather","saying","story","than","video","walk","worse","you","achieved","actingthere","affleck","againbr","all","also","any","applaud","0"
"the","i","and","to","is","was","br","have","this","a","an","at","by","going","it","of","so","they","would","acting","although","always","are","because","believably","british","characters","charactersbr","confess","desires","develop","dialogue","different","does","done","even","excellent","explaining","film","flawed","forever","glad","graduate","had","happen","highly","hollywood","if","ill","im","1"
"a","is","of","black","comedy","dead","does","in","play","to","as","be","busey","dumb","fair","for","imitation","it","jake","order","pretty","what","which","work","amigos","an","any","billy","bob","cannot","character","chris","do","dunst","essentially","eventually","fred","from","full","however","into","jobs","klein","laughs","low","maintain","mean","merk","morphs","must","0"
"a","movie","i","this","to","as","but","for","her","made","the","with","carter","did","disabled","from","had","have","if","in","is","it","movies","performance","strong","that","women","about","accident","across","after","am","an","at","basically","beautiful","believable","berry","bonham","branagh","branaghs","brought","by","cable","came","carters","charlize","chemistry","close","come","1"
"the","a","to","is","of","i","this","and","by","that","an","br","but","his","in","with","â","as","for","it","no","has","he","its","kornbluth","my","one","you","director","her","if","was","actor","actors","also","any","at","be","because","been","being","boss","can","comparisons","did","do","dont","film","filmmaker","films","0"
"a","movie","the","and","this","to","br","by","is","one","that","at","but","of","be","characters","delightful","it","makes","story","well","which","also","an","as","bette","davis","doesnt","first","helps","its","just","lovestory","make","on","original","perfectly","pleasant","rather","simple","their","two","unusual","with","after","all","amusing","any","are","around","1"
"is","that","the","a","it","of","and","dont","i","not","this","to","but","character","for","get","ideas","its","my","so","then","time","turner","waste","what","with","absurd","accept","afunny","again","all","angelica","as","be","beautiful","being","best","beven","church","couldve","does","drained","falls","film","filthy","found","going","good","has","however","0"
"is","the","of","and","in","an","horror","beautiful","blood","foster","it","looks","mansion","one","that","abandoned","absolutely","all","allan","almost","american","antonio","as","atmospheric","beginsthe","best","bets","black","blackwoodaccepting","blackwoodcastle","cant","chiller","creepy","crypt","danza","early","easily","edgar","eerie","eerieatmospheric","elisabeth","english","extremely","film","friendthomas","frontsit","gothic","has","he","hell","1"
"is","the","this","to","not","i","they","a","and","gay","in","kramer","people","are","br","but","dont","everyone","its","of","or","play","she","so","that","their","there","too","who","about","actors","afraid","all","amusing","antigay","anything","anyway","as","b","bad","be","believability","bit","bomb","can","cast","clichãs","completely","did","directed","0"
"the","a","to","i","in","it","and","could","go","movie","on","all","apparently","as","camera","completely","had","invisible","its","random","seemed","that","there","things","was","with","you","about","acting","actors","advanced","also","an","anything","attempt","back","been","billion","bomber","but","buy","can","cant","cost","crew","didnt","directing","do","dollar","east","0"
"the","of","a","columbo","episode","one","to","an","being","famous","gordon","i","is","like","should","some","this","about","accomplice","after","allusion","along","and","as","at","be","been","best","between","br","but","by","comment","conclusion","crimesolver","detectives","effectively","fact","falk","fame","flattered","for","getting","great","has","have","installments","interplay","its","life","1"
"of","a","film","it","the","farce","is","original","that","about","absurd","already","americans","and","are","been","but","certain","chains","cheap","clever","comedy","entirely","errors","even","events","farcical","for","go","got","hang","has","havent","hodet","i","into","isnt","its","just","linguistic","massive","my","nature","oops","over","proving","rate","robbing","skipped","style","0"
"the","i","and","a","to","it","movie","was","about","fear","film","saw","so","thought","ability","abundantly","agree","also","as","at","australian","be","been","bit","bloke","but","clear","clearly","conference","dare","deals","delivers","didnt","doing","down","embrace","enjoyed","especially","explanation","face","figures","films","from","glad","good","goods","have","his","however","hugo","1"
"the","i","and","to","movie","that","a","for","was","br","of","had","seen","this","with","absolutely","all","but","feeling","guy","just","me","no","please","puke","simply","terrible","then","why","acting","again","alternative","an","angry","any","are","around","at","awful","bad","before","begin","being","believe","biting","blow","boy","brains","cabin","can","0"
"the","to","br","of","one","this","i","it","like","you","a","and","movie","school","so","who","group","hurt","is","its","just","marty","not","off","only","or","they","try","what","about","all","another","anymore","anywaybr","are","ask","back","basically","be","because","been","betterbr","boy","but","butthey","by","byyeah","cheesy","could","criticalbr","1"
"the","a","and","in","are","he","is","of","with","be","film","films","has","his","mathieu","relationship","this","to","which","able","already","as","at","aunt","beach","beautiful","biggest","bits","boy","br","but","by","can","cedric","cinema","competitive","complex","comprised","daunting","de","demanding","difficult","director","doesnt","elkaim","engrossing","ethereal","eyes","falling","final","1"
"the","and","a","of","this","an","as","in","is","it","to","actors","at","audience","austin","avoid","befalls","better","budget","but","call","circuit","crisp","curse","deserves","efficient","elizabeth","evocative","far","festival","film","gem","getting","had","here","hit","inside","its","just","like","look","looking","love","macbeth","misfortune","movie","not","play","producing","quiet","1"
"to","and","is","that","a","the","as","film","it","performance","her","if","of","you","an","be","by","has","in","its","material","only","poor","she","theatrical","this","watching","with","able","alone","are","audience","average","bad","begin","ben","bertoluccis","best","bonhamcarters","breathtakingly","but","central","daughter","decide","decided","decision","delivers","diana","director","disengaged","0"
"and","the","it","a","br","of","show","as","is","to","was","all","at","i","its","look","lowestrated","mars","not","on","veronica","youre","after","aired","any","artistic","be","because","best","bore","broadcast","canceledbr","commercial","compelled","continued","couple","coverage","cw","deservedly","deserves","failure","felt","gets","great","hyping","in","inaugural","last","life","memory","0"
"this","and","br","film","for","is","time","waste","what","a","absolutely","advise","an","anyone","beyond","billy","bob","catch","charlize","crappy","do","doing","down","flick","hell","how","made","me","mediocre","movie","not","of","on","or","signing","sitting","strong","the","theron","thornton","to","up","was","were","why","your",NA,NA,NA,NA,"0"
"the","is","of","a","have","you","and","half","hero","highlander","immortal","in","probably","series","sexual","tension","there","they","this","typical","with","about","another","as","at","basically","be","bill","bimbo","br","but","canadianfrench","character","cheap","clintons","conflict","continues","did","do","effects","element","elizabeth","encounters","end","eruptions","fight","flashbacks","for","formula","gracen","0"
"the","is","and","a","for","gazzara","ritter","that","who","all","bogdanovich","comedy","falls","film","from","in","john","laughed","of","superb","they","which","about","after","agency","appealing","are","audrey","basically","beautiful","ben","blaine","breezy","by","classic","complete","coproducer","course","deserves","detective","detectives","dorothy","eccentric","essential","essentially","fact","fans","fantastic","fellow","films","1"
"the","a","and","this","in","as","by","is","its","their","all","at","but","episode","for","i","love","on","story","stunning","to","what","about","ah","almost","america","are","beautiful","beautifully","best","black","bob","byrds","characters","chills","deep","directed","dont","dylans","each","edge","emotions","end","excellence","faced","fall","far","film","filmed","fine","1"
"but","is","it","there","anything","are","could","movie","so","some","that","the","this","to","again","arent","been","better","biggest","dont","enough","ever","expect","fast","flaw","forward","great","have","i","its","low","make","me","miss","moments","much","not","of","ok","predictable","rated","reason","scenes","see","spooky","them","through","want","was","watchable","0"
"the","and","to","a","is","hitman","in","this","very","as","at","movie","i","all","are","being","but","he","her","him","hong","it","judge","kong","police","take","that","after","along","also","an","cat","catch","cops","crime","dog","drama","ending","first","for","guy","his","just","killed","knock","locate","made","moving","no","now","1"
"the","a","and","of","this","he","is","to","as","br","film","his","that","was","who","all","for","it","horror","lee","or","stories","very","an","because","better","block","dracula","in","its","like","segment","some","were","about","actually","again","amazingly","at","bad","bit","by","christopher","ended","ending","few","figure","first","four","friend","1"
"a","that","the","of","to","and","in","it","are","is","this","be","br","king","little","all","by","cats","film","gem","horror","i","or","people","quite","story","who","with","about","absolute","actuality","admit","after","against","alice","although","am","anger","any","anything","argued","around","basis","believe","boy","brady","but","campy","can","caricatures","0"
"is","the","a","and","to","movie","this","as","br","but","by","he","her","i","in","it","its","off","romance","western","after","also","anyone","appeal","at","attraction","because","being","between","brooke","canyon","character","child","could","couple","dont","drive","even","eventually","except","expecting","falls","first","fonda","forget","genres","girl","gives","gone","grand","0"
"a","to","as","his","of","and","backwards","evil","from","i","in","is","it","movie","my","on","one","or","records","skippy","teenager","that","the","this","time","treat","trick","when","all","almost","at","becomes","begin","can","cast","come","eddie","element","every","family","favorite","features","film","first","for","gene","get","go","happen","has","1"
"the","this","is","i","in","like","sound","they","it","killer","movie","my","so","stuff","to","when","with","a","about","and","are","axe","be","beginning","bit","blood","both","brother","chop","dont","effect","even","ever","every","exact","favorite","film","flicks","for","friends","funniest","going","half","hard","heard","hey","his","ignored","ive","jealous","0"
"the","a","for","made","virus","about","across","also","and","andthats","antonio","around","as","be","buffs","cable","chasing","computer","debut","debuting","dull","email","in","inboxes","it","its","janine","killer","life","melissa","movie","noted","on","premiered","real","run","same","somewhat","station","tbs","that","this","trivia","tv","weekend","which","will","world",NA,NA,"0"
"the","to","and","of","a","for","is","in","with","all","br","she","celeste","he","her","his","as","but","that","geoffrey","so","will","an","have","not","off","this","well","who","again","anderson","are","back","been","from","on","show","some","you","because","bueller","can","cast","celestes","course","did","get","i","it","just","1"
"the","i","was","film","least","of","to","at","is","this","a","and","any","be","behr","best","but","cast","complete","considering","cvs","dani","definitely","didnt","expecting","going","hoping","if","include","it","line","lot","more","on","pants","part","pay","plot","rent","rest","say","that","their","them","up","utter","watchable","weak","will","wonder","0"
"the","and","wang","is","to","a","of","that","an","doggie","his","art","he","him","it","masks","performer","preference","son","story","we","about","absorbing","accompany","advice","against","all","allows","ancient","are","artbr","award","awe","beautifully","before","befriends","bond","br","but","cant","capture","childless","china","companionship","costuming","create","discovers","during","dying","elderly","1"
"the","cowboy","to","and","film","is","a","of","this","but","dont","down","has","i","out","ride","ridge","twig","acting","an","back","bad","bar","be","begin","between","br","by","characters","clean","dark","example","fair","fight","four","from","get","going","gun","had","half","handle","happen","heres","horsebr","how","in","into","know","like","0"
"the","and","i","a","interesting","is","it","really","are","but","can","cinema","in","movie","of","some","verite","very","was","actors","all","am","any","as","at","awesome","be","because","behind","ben","big","boring","by","camera","coccio","columbine","concept","credit","deserves","detracts","director","distraction","doesnt","done","ending","ever","fan","film","final","first","1"
"of","the","a","to","film","it","and","i","bad","this","me","so","that","alcohol","all","br","but","its","not","sixteen","years","as","films","for","had","into","is","make","moments","movie","on","those","without","worst","be","because","been","believe","could","cups","down","elements","enough","even","from","good","in","jobson","just","keep","0"
"to","in","a","ninja","the","you","and","of","be","movies","this","all","arts","by","for","martial","movie","out","thats","these","they","up","your","about","action","addicts","among","an","another","answers","are","arent","beaten","been","before","blood","breed","cash","checking","comes","cracked","death","deserve","disappointing","do","does","dont","even","fatale","femme","0"
"that","the","is","of","to","are","you","i","so","this","actually","and","as","be","believe","cant","example","gag","it","jokes","nudity","on","others","punchline","realize","some","there","when","a","about","again","agree","all","also","any","anything","artistry","awards","barely","best","body","but","can","catchy","claus","collection","comedic","comedy","damn","directed","0"
"br","her","the","and","i","lynn","other","you","amazing","far","for","have","im","in","know","movie","of","one","peterson","plays","role","this","where","a","afraid","all","another","anyone","as","away","been","blockbuster","breakthrough","by","byebr","can","creativity","critical","does","doesnt","driverbr","editing","even","ever","fan","film","forget","francis","get","going","0"
"of","the","his","a","on","to","and","br","family","friend","he","if","is","out","play","sexy","single","africabr","as","asian","bartel","be","bed","beneath","bet","beverly","bisset","both","bottom","but","can","centers","chauffers","clampett","classes","code","comedy","days","debt","dialogue","employer","ends","etc","fairly","first","fun","funny","gang","granny","hilarious","1"
"the","a","is","br","but","and","that","we","even","for","it","this","to","you","as","feel","film","i","of","all","camera","dont","dvd","get","hurts","in","like","might","much","not","on","story","there","work","about","acting","actors","actually","admire","an","analysis","anything","are","at","awful","backbr","be","beer","before","being","0"
"a","of","movie","the","in","was","as","at","be","he","it","to","all","almost","always","andrew","brilliant","brings","brynner","charlton","course","demille","did","does","fairly","film","frederic","fun","genius","get","good","heston","his","hollywoods","however","indeed","interesting","is","jackson","least","little","long","love","made","march","move","movies","not","once","original","1"
"movie","of","sexual","this","as","great","i","scenes","the","adult","are","and","flashpoint","is","was","a","acting","be","before","but","concerned","definitely","disappointed","doesnt","done","dreamquest","far","good","if","jameson","jenna","me","movies","raised","really","scene","standards","those","thought","watching","what","will","you","actors","all","although","any","armstrong","asia","aside","1"
"and","in","the","to","fun","macdonald","a","also","are","film","musical","number","of","s","surreal","abilities","add","all","almira","anne","as","barnes","be","been","between","binnie","bit","br","bw","cast","cecil","comic","costumes","could","cunningham","current","dale","do","douglas","dreamlike","dumbrille","eddy","edward","enliven","entire","esther","even","everett","extended","eye","1"
"i","you","and","movie","the","this","film","had","my","to","we","are","but","for","funny","is","it","local","of","that","think","was","were","a","about","across","actors","also","an","be","because","before","bouncy","browsing","definitely","do","favorite","find","fine","friend","going","good","hastings","highly","how","idea","if","liked","list","looking","1"
"the","a","her","to","of","and","that","with","is","she","as","br","cookbook","elvira","great","in","town","aunt","be","boobs","film","for","funny","go","has","lots","not","out","place","seems","things","two","wants","will","actually","after","aka","alterego","although","anxious","are","because","book","breaking","but","car","cassandra","chastity","community","course","1"
"the","a","of","with","in","movie","to","and","are","as","br","is","on","this","i","they","all","an","at","but","cruella","dinner","dogs","etc","from","good","actors","close","coat","completely","costumes","do","dont","film","fur","glenn","have","her","home","lady","lovers","out","remake","restaurant","scene","she","spaghetti","that","their","them","0"
"the","to","are","bad","have","of","a","and","is","it","like","so","that","there","any","being","book","br","cast","for","from","in","movie","some","them","then","this","what","with","you","about","accident","admit","almost","america","as","assembled","at","basement","be","because","been","begin","best","bring","brotherinlaw","brought","car","charm","costner","0"
"the","and","a","it","to","that","of","film","i","but","in","story","book","from","if","make","this","you","is","with","for","good","im","into","not","so","who","actors","are","better","br","buy","do","especially","even","going","had","havent","holes","kids","life","louis","love","only","sachar","script","soundtrack","sticks","style","very","1"
"the","i","and","is","to","it","this","a","br","in","its","of","which","but","like","movie","again","all","am","anything","bad","be","from","go","house","into","not","on","over","refreshing","room","see","so","some","that","they","was","watch","with","abyss","acting","actual","an","apparently","applaud","assume","atrocious","avoid","badbr","based","0"
"the","is","a","and","of","br","that","this","to","in","was","film","have","i","it","on","all","art","at","division","movie","much","one","production","romeo","sarro","so","any","as","be","dark","final","first","his","however","its","masterful","most","next","provided","sheridan","shipley","spoilers","such","uses","when","with","writing","accustomed","action","1"
"the","it","a","as","high","of","to","any","become","bmovie","but","by","characters","class","creators","cult","em","ends","even","extremely","feels","film","for","if","its","looks","me","nuke","old","only","overshadowed","satire","school","steretyped","tackier","totally","turkey","unfunny","up","very","wanted",NA,NA,NA,NA,NA,NA,NA,NA,NA,"0"
"and","film","the","it","to","a","are","i","not","of","really","br","fantastic","in","is","itbr","lot","may","some","they","this","when","actors","ages","agree","although","an","andrew","appeal","as","awful","but","cant","characters","clever","david","directing","each","enjoyable","filming","for","fun","great","had","have","hewlett","highly","ive","laughed","looks","1"
"br","the","a","and","i","one","this","at","it","ive","really","seen","thought","to","was","with","would","about","accident","aircraft","all","an","avoid","bad","be","black","but","cant","card","conflict","conflictbr","costs","crash","end","ever","extreme","fictitious","first","hour","implausible","in","inbr","investigation","is","isnt","lame","like","match","memorial","minute","0"
"the","a","and","character","is","main","friend","his","it","to","all","behaves","boring","first","halmark","of","viewers","way","according","actors","amount","apart","attracts","bad","beautiful","become","behave","behavior","but","casting","cat","considers","destroy","director","does","endear","episode","excellent","from","idea","illogical","intelligence","loser","more","no","normal","not","on","one","or","0"
"in","the","hand","have","of","a","an","and","he","it","miniseries","most","shaka","that","this","unfortunate","with","africa","ago","american","annoying","any","been","can","capturing","colonialist","comes","complete","could","creating","culture","david","decade","dh","didnt","drivel","easily","fared","feeding","fiasco","finally","for","forget","from","go","gotten","had","handful","hands","hasslehoff","0"
"the","it","a","in","movie","of","to","for","was","all","are","but","car","d","film","first","good","is","this","whenever","as","be","beginning","br","buying","character","cheap","christmas","deaths","dont","download","falls","flat","free","get","going","got","hard","her","i","isnt","itbr","its","just","killed","laugh","lot","made","main","meant","1"
"a","it","and","its","of","all","br","the","to","you","as","get","go","is","my","one","that","actually","any","around","behalf","blind","brainbr","brand","but","category","closest","comes","deafbr","denomination","depresses","deserves","destroys","doesnt","drama","drives","ever","every","fall","falls","feat","finished","for","forms","having","hits","i","inside","intelligent","into","0"
"i","the","and","was","a","it","this","actors","as","characters","for","from","in","of","on","show","their","abc","abcs","about","all","along","at","back","before","beginning","bridget","but","by","cancelled","career","carlitos","caught","character","christensen","city","due","dvd","enjoy","episodes","erika","fan","felt","few","further","get","gets","great","hernandez","hope","1"
"a","of","and","the","in","is","an","to","as","for","its","much","not","typical","across","angle","aplomb","approach","before","both","cable","cheap","childbirth","clueless","couple","deal","delinquents","depressing","despite","documentary","dr","equally","excuse","exposition","extremely","failsafe","far","film","films","footage","gang","good","greater","had","heard","humanly","i","imminent","inclusion","insert","0"
"the","and","a","in","as","by","of","on","to","all","film","fine","from","is","play","scenes","takes","well","accomplished","acting","actor","actors","an","ancient","around","austin","begin","behind","bigger","bit","bring","budget","call","cast","commentary","company","crowds","curse","deleted","directors","drama","draw","dvd","emotions","ers","exhibits","fabulous","face","features","festival","1"
"the","and","film","i","in","of","this","are","movie","a","all","boring","cant","change","cinema","directors","ettore","gasmann","gave","giancarlo","giannini","greater","his","hope","how","interesting","involved","italian","like","longtoo","made","next","not","only","people","radically","ridiculous","save","scola","scolaone","so","stories","stupid","style","that","themes","things","to","too","understand","0"
"and","of","the","a","that","to","action","for","his","i","is","was","all","another","as","but","david","expecting","film","films","from","in","no","one","racial","refuses","say","very","about","adamantly","addition","advertised","after","also","annoyed","any","apparent","are","because","become","behind","beyond","big","by","character","cop","cops","could","credibility","credulity","0"
"i","is","the","movie","a","and","but","just","much","of","on","so","what","all","as","be","besides","bet","bomb","budget","cinemax","come","critic","critical","does","first","gory","hate","have","here","how","it","ketchup","kids","little","low","may","mean","my","nice","not","pretty","probably","say","scare","secondly","sequel","since","snowman","storyline","0"
"the","a","is","of","to","and","show","be","can","community","for","in","one","or","that","this","us","do","house","if","instead","it","not","perhaps","person","place","rather","than","they","version","what","where","which","whole","will","you","afford","all","along","also","among","area","as","bathroom","bedroom","beg","benefit","better","borrowed","build","0"
"the","is","a","to","mary","lou","prom","of","as","night","i","it","on","film","for","in","she","with","hello","her","ii","out","bill","vicki","was","which","at","body","but","by","did","didnt","good","if","one","really","that","this","well","an","bud","first","hamilton","high","hour","just","or","queen","some","still","0"
"the","br","of","film","a","for","i","if","in","is","not","to","you","and","are","be","being","believablebr","but","cast","conclusion","detached","did","done","emotionally","ending","fact","feeling","felt","filmbr","from","good","guess","have","hell","interesting","itbr","miss","part","performances","point","properly","questionable","quick","quite","scenes","sequelbr","so","somewhere","story","0"
"her","the","to","elvira","and","a","all","but","is","it","its","out","watch","are","aunt","be","cheap","dark","finds","has","horror","house","i","in","into","left","looks","movie","of","really","she","some","that","whole","will","with","able","adventures","after","against","anyways","attitude","because","better","cookbook","dead","decides","dog","elviracassandra","elviras","1"
"the","it","at","look","a","ai","and","are","bad","boring","change","definitely","first","human","is","least","matrix","may","of","ones","part","people","renaissance","second","see","started","thing","time","twice","view","war","watch","who","will","you","your",NA,NA,NA,NA,NA,NA,NA,NA,NA,NA,NA,NA,NA,NA,"1"
"and","the","a","city","film","in","to","antidote","characters","interest","it","its","new","of","sex","start","with","york","all","an","are","at","builds","buscemi","by","cast","chance","cliche","commercial","compassionately","complexity","cooking","dawson","entire","expectation","fact","fantastic","forgot","give","great","gritty","hbohollywood","her","his","honestly","imperatives","is","locations","love","loved","1"
"the","is","and","my","arthur","butler","his","i","movie","out","watched","would","a","ago","arthurs","as","at","bach","bathroom","biggest","by","came","care","computer","conversation","did","dudley","enjoy","family","fan","father","favorite","fiancães","first","followed","from","funny","get","has","have","her","house","humor","im","in","it","job","just","kick","library","1"
"to","the","robbins","and","but","ryan","a","are","comedy","film","get","in","like","meg","silly","this","tim","with","about","afloat","albert","anybody","best","brilliant","cast","corny","cute","dialogue","director","directs","do","einstein","einsteinmatthau","enjoy","falls","fans","flat","fred","guy","her","his","hook","huge","i","idea","inferior","intentioned","into","is","its","0"
"br","the","you","a","to","movie","not","movies","that","your","and","or","this","what","are","because","but","does","doesnt","from","have","i","if","in","just","of","on","people","will","about","all","always","bad","be","can","character","did","even","first","game","get","horror","how","it","ive","killing","know","make","may","mean","0"
"and","the","in","i","of","it","a","to","by","all","my","with","has","its","that","this","as","chemistry","darkly","for","intelligence","love","me","or","quaid","really","always","are","arliss","bad","behind","big","both","camera","cool","dark","either","eyes","film","films","full","great","hidden","hip","his","howard","intense","intensity","magic","many","1"
"the","i","a","it","did","have","to","am","at","could","in","money","of","this","accents","all","american","and","bad","be","dreadful","film","just","kiwi","reeling","set","speaking","that","very","was","why","with","absolute","action","actors","america","any","anyway","attempt","attempts","back","been","but","can","cant","characters","continue","disguised","effort","fake","0"
"the","a","i","is","of","that","about","as","br","by","film","in","movie","this","with","be","book","but","day","for","it","its","king","make","maybe","only","out","producers","read","s","stephen","to","topic","âbig","actors","alibi","an","and","âpredator","ârichard","arnold","âthe","audience","away","bachmann","background","brother","brutal","cheeringbr","choosing","0"
"the","you","a","of","and","but","in","are","maybe","br","can","has","it","some","that","them","they","to","doing","from","is","life","normal","or","people","see","so","society","their","which","your","also","austria","austrias","because","country","day","for","here","hundstage","insane","lot","movie","seems","there","through","understand","up","whole","working","1"
"i","br","my","this","a","about","for","all","and","as","aspect","at","back","being","blubbered","by","could","cute","done","eyecandy","film","friend","generous","have","hours","instance","into","itbr","many","more","movie","nothing","of","on","productive","redeeming","save","see","so","story","talked","thats","the","things","thumbs","timelike","twiddling","two","want","was","0"
"and","the","it","br","movie","to","as","at","favorite","incredible","is","its","my","people","really","seeing","that","this","touching","very","a","above","added","all","almost","alter","alteringwas","anyone","because","buying","characters","definitely","dont","emotions","feel","film","for","get","i","id","in","incrediblejust","isnt","itll","just","leastbr","life","lifeworth","listits","long","1"
"the","a","and","good","has","is","to","very","with","about","all","also","ending","in","one","out","who","christopher","first","horror","it","lee","little","looks","of","people","pitt","some","third","was","actually","although","an","anthology","anthologynothing","as","at","atmospheric","beautiful","beautifuland","becoming","bloch","both","br","but","by","cape","chewing","child","chills","1"
"the","to","is","a","all","but","have","in","just","of","al","are","br","done","global","it","made","many","on","people","that","there","up","warming","well","you","add","and","as","become","best","billion","business","dollars","dont","employes","fables","failed","first","for","good","google","gore","growing","i","keep","lie","lies","like","lots","0"
"i","and","was","it","remember","the","a","in","of","this","to","about","film","for","on","aired","copy","her","if","is","looking","me","same","see","that","were","you","advance","againif","all","alone","amazon","any","at","attain","be","been","believe","bugs","can","care","could","crash","curious","dont","else","email","fact","girl","going","1"
"a","of","this","to","i","is","the","have","having","in","it","must","not","that","you","abortion","about","accepted","and","any","anyone","back","bad","basically","be","because","been","buy","by","cents","claim","clue","could","dead","demanding","dont","even","expert","extremely","feel","for","forced","hard","harris","his","humans","if","intelligence","junk","kind","0"
"the","i","movie","to","too","was","in","it","of","things","a","and","at","have","here","like","saw","this","thought","way","were","when","you","about","all","almost","be","beatings","before","better","but","can","capturelike","come","comedy","do","end","even","felt","fiancã","first","funny","girlfriend","go","going","his","hitting","home","isnt","lady","0"
"the","to","a","is","and","are","br","film","for","her","it","of","she","some","that","there","this","ambition","as","by","i","in","its","just","kill","not","things","trying","ultimately","unholy","was","about","accusations","actually","addressed","aspirations","attempted","average","bad","barbeau","be","beat","behold","beyond","brother","carries","coexist","collapses","confusing","created","1"
"the","and","he","to","this","you","in","about","night","was","his","of","that","a","guy","him","i","it","kill","one","with","are","by","even","is","just","off","silent","then","well","bedroom","bloody","but","christmas","for","fun","good","guys","had","heck","if","into","killer","kills","naughty","never","out","people","proceeds","so","0"
"the","of","to","fans","should","stick","a","for","and","awful","be","but","cant","film","i","movie","on","other","peter","that","this","those","with","about","actors","also","amazingly","any","arent","asking","at","b","been","believe","ben","book","bs","cheap","competent","craft","crew","dorothy","ear","expense","g","galaxina","general","got","herein","hes","0"
"the","her","a","and","of","she","is","film","that","this","to","beauty","br","in","you","act","had","if","one","what","with","any","are","best","can","character","didnt","during","emotions","for","from","great","he","it","like","not","olan","oscar","people","really","see","show","shows","story","was","well","who","actress","age","all","1"
"the","a","of","to","and","but","in","be","br","i","not","that","this","film","films","is","its","are","as","good","only","they","very","was","were","who","about","an","by","chest","clever","for","get","interesting","like","no","on","or","plot","probably","sex","something","sort","there","tried","with","acted","adult","after","againbr","0"
"review","zombie",NA,NA,NA,NA,NA,NA,NA,NA,NA,NA,NA,NA,NA,NA,NA,NA,NA,NA,NA,NA,NA,NA,NA,NA,NA,NA,NA,NA,NA,NA,NA,NA,NA,NA,NA,NA,NA,NA,NA,NA,NA,NA,NA,NA,NA,NA,NA,NA,"0"
"the","of","and","to","a","his","by","from","have","i","it","in","is","but","human","makes","more","movie","which","at","he","idea","not","original","seven","that","think","who","with","would","about","any","are","as","be","been","ben","bens","body","caused","cold","death","emotional","emotionally","feeling","flesh","helping","illogical","just","man","0"
"to","that","a","and","of","the","is","in","ken","br","its","kyoto","tokyo","all","be","japanese","she","time","way","about","except","he","i","loving","on","one","sad","this","with","but","can","cant","doesnt","feel","films","for","girl","japan","long","love","me","not","only","out","pop","rock","s","someone","stay","tell","1"
"i","and","this","movie","br","by","one","a","but","comment","dont","have","lousy","more","points","the","usually","acting","action","any","anything","before","big","botherbr","changed","check","comments","convinced","do","ever","f","few","fictionbr","first","give","giving","hitech","im","it","its","like","mind","minutes","movies","my","now","of","on","only","opinions","0"
"the","of","is","and","a","this","it","movie","no","to","be","but","for","one","are","friend","he","in","listener","night","pacing","story","your","about","alone","alongâno","an","as","atmosphere","avatar","awkward","better","big","by","character","collettes","coming","complaint","content","conventionallygood","creepy","crisis","days","deliberate","doubt","earthshattering","easily","endings","enter","even","1"
"her","i","reese","she","that","was","with","first","have","the","a","and","br","in","on","so","to","actor","actually","also","always","an","anyway","appears","as","assumed","at","bat","because","big","but","career","character","characters","did","done","each","early","experience","face","factbr","far","figure","film","for","fresh","gained","go","had","hood","1"
"the","a","of","to","and","is","that","about","he","movie","you","bat","br","get","him","with","guy","have","minutes","on","people","should","some","this","try","at","bats","his","like","one","out","which","after","around","as","be","but","by","caves","creature","from","in","indeed","into","more","or","sequence","swarming","than","they","0"
"a","the","and","film","in","is","of","that","everyone","it","their","about","boys","cuba","life","on","or","revolution","small","to","town","very","with","acting","actually","age","an","annually","are","arise","around","blood","boy","came","can","caribbean","class","coming","cruise","cuban","details","directing","during","effects","else","end","father","films","fine","good","1"
"the","and","of","her","film","in","a","durbin","is","that","to","br","she","this","for","it","powell","an","films","from","jane","more","on","was","were","almost","although","as","early","if","its","like","much","never","other","projects","some","three","young","any","at","both","but","by","camera","comedy","deanna","durbins","entertaining","first","1"
"the","and","of","a","to","it","movie","that","br","his","i","was","with","as","good","for","funny","how","in","is","on","think","this","about","but","conformity","its","lee","little","live","one","stiles","still","trailer","up","an","being","bit","cast","could","doesnt","dont","everyone","example","from","has","he","julia","just","more","1"
"is","not","have","it","a","and","been","doubt","ever","funny","i","interesting","made","movie","seen","should","the","this","without","worst",NA,NA,NA,NA,NA,NA,NA,NA,NA,NA,NA,NA,NA,NA,NA,NA,NA,NA,NA,NA,NA,NA,NA,NA,NA,NA,NA,NA,NA,NA,"0"
"a","the","to","and","of","in","is","that","br","walken","on","but","el","from","presidente","also","can","christopher","colombian","down","even","for","gun","guy","head","hes","how","it","its","one","or","spot","squad","television","this","too","vietnam","with","without","you","acting","action","actually","after","against","all","america","american","another","are","1"
"and","the","is","it","are","scooby","as","for","i","all","animation","annoying","but","disappointing","doo","in","kids","like","nice","scrappy","shaggy","show","theme","this","tune","voices","with","a","after","along","also","appears","bad","baddies","be","bethany","cartoons","casey","catchphrase","character","chasing","clue","complete","cox","darkwing","didnt","dont","dooget","duck","fact","0"
"the","and","i","of","this","in","a","that","to","beatles","does","film","heard","if","is","it","johns","my","same","way","you","youre","acting","admit","already","also","amazingly","anyone","at","babyboomer","background","before","bought","but","by","can","cbc","certainly","chase","city","could","cut","day","didnt","drop","even","exact","explain","eyes","fact","1"
"i","to","the","almost","da","de","is","first","it","la","missed","now","on","only","will","abc","air","airing","am","around","at","available","awesome","awww","awwwwww","be","brewster","buy","coming","comment","could","counted","currently","december","do","does","eastern","episode","family","finally","friday","from","get","going","have","how","in","last","lines","march","1"
"the","a","and","of","to","in","birth","i","life","this","was","west","an","but","class","during","have","is","it","itself","late","live","most","movie","my","s","saw","see","story","that","they","you","accurate","after","american","at","bad","bathroom","be","being","branding","calf","came","choice","cowboy","daughter","disgusting","do","drove","end","0"
"the","it","to","a","and","is","his","that","by","energy","in","we","al","gore","movie","of","this","br","but","conserve","does","got","he","how","jet","much","not","well","would","are","be","carter","certainly","if","no","off","political","so","take","there","throughout","very","about","actions","actor","allow","an","anything","appeal","appliances","0"
"the","in","you","as","i","is","are","br","if","it","not","of","were","a","film","funny","one","only","that","to","watching","abysmal","acting","actors","again","all","amusing","animal","around","awful","bad","bootbr","bossy","cast","cat","change","characters","comedy","dare","do","dog","dry","else","eva","expect","filmbr","forget","from","gag","gay","0"
"the","a","this","and","you","his","is","movie","to","i","in","book","great","him","masterful","never","not","oliver","one","performances","see","above","adaptations","all","based","beautiful","bill","bit","boot","but","buy","character","cinematography","color","costumes","deforce","directed","do","fagan","feeling","fine","finish","fits","from","gladiator","got","hate","have","he","headliners","1"
"the","and","a","to","that","film","her","is","this","with","at","ethel","first","for","from","you","again","alden","all","are","budget","by","camera","credits","have","i","in","it","just","like","looks","millard","nick","night","of","off","she","start","up","video","was","anyone","apparently","as","audio","avoid","bartholomew","between","blank","br","0"
"the","a","for","was","but","movie","or","and","good","horror","it","minutes","not","of","that","you","youre","all","br","downs","few","if","im","is","naked","nudity","other","than","this","watch","acting","actoractress","after","against","an","another","are","around","attractivebr","away","because","become","boring","butts","cast","consider","could","debbie","decent","desperate","0"
"i","of","the","this","a","as","in","to","but","film","it","me","not","s","so","was","with","is","real","stones","th","active","actually","age","am","amatuerish","and","any","awful","badly","be","born","came","casual","conclusion","crap","didnt","directed","directing","directors","disappointed","drugs","during","entertainment","eurotrash","expected","feeling","felt","films","follow","0"
"the","and","in","of","is","this","a","are","i","to","at","it","so","there","br","but","director","film","gi","great","jane","nothing","ridley","scenes","stupid","abilities","battle","disappointment","female","filmbr","from","gun","im","looks","no","or","really","saw","scotts","still","that","they","training","very","which","absolutely","alien","all","almost","amateurish","0"
"the","of","in","a","and","is","to","are","this","women","also","film","one","with","all","br","cases","children","divorce","which","another","aunt","beating","case","child","english","for","from","imagine","it","law","leaders","legal","outcomes","play","repeated","rights","sex","that","themselves","these","well","wla","about","according","achievements","acts","after","age","aggressive","1"
"the","i","this","br","french","movies","of","one","all","and","cannes","have","how","in","is","it","me","movie","not","seen","that","to","a","acting","add","almost","amazed","among","an","as","attract","audience","awarded","but","can","care","causes","characters","directing","disappointment","do","doesnt","dont","ever","fancy","far","for","happens","jury","key","0"
"to","a","i","in","the","this","from","good","it","movie","police","stereotype","about","an","and","asian","back","bad","big","brings","cable","car","case","chase","chief","comedy","compare","cop","detroit","downtown","enjoyable","farmers","funny","give","guys","has","hour","jay","karate","kid","leno","local","market","mayagi","memories","mr","officer","on","part","partner","1"
"i","a","the","it","to","and","then","as","film","or","about","after","before","but","copy","didnt","for","found","good","have","in","me","saw","some","still","stores","what","when","ago","an","at","avoid","back","be","become","bed","been","being","better","br","catch","channelsurfing","circuit","city","cost","dialogue","do","down","dvd","dvdvhs","1"
"the","a","of","aircraft","that","to","was","aft","an","and","br","cabin","compartment","engineer","even","flight","into","make","movie","no","accesible","acting","ah","all","as","bad","baggage","be","blundersbr","bottom","bullets","but","caliber","damage","door","entire","especially","existed","f","far","featuring","flaw","flightbr","from","fs","gotta","hatch","hollow","i","if","0"
"the","of","is","that","a","film","this","to","are","was","and","by","everytown","in","with","work","about","an","at","attempt","been","but","century","design","future","have","his","i","its","masseys","model","montage","most","out","st","unfortunately","us","versions","very","war","absolutely","acting","aided","aircraft","all","among","angry","art","arthur","as","1"
"the","of","this","a","and","br","in","one","as","i","at","by","is","not","provide","story","been","but","cold","creative","decades","did","during","elsewhere","era","have","here","it","may","message","my","nostalgic","on","other","presents","production","series","some","still","there","today","war","was","while","actors","ago","agobr","agree","also","an","1"
"i","the","be","br","good","to","been","but","could","from","it","think","well","you","a","about","acting","actor","along","and","are","at","bad","comment","didnt","directed","disappointed","dont","entertaining","get","got","great","had","has","have","he","horrible","if","is","jeremy","laughs","lead","least","londons","movies","my","need","of","on","one","0"
"a","the","at","and","for","is","who","br","but","good","horror","i","in","like","movie","on","this","brides","by","female","guess","hearse","her","his","its","keep","lagosi","lagosis","lane","lois","old","so","some","think","to","wife","would","after","aging","all","altar","always","an","anyway","approach","are","as","assistant","bad","be","1"
"of","the","a","is","to","and","in","noriko","it","her","as","was","for","has","kimiko","pilot","series","this","while","all","anime","at","br","first","norikos","on","she","with","you","ace","aim","are","because","combat","death","drama","earth","fan","father","friend","gunbuster","he","if","interest","kazumi","killed","other","remains","that","their","1"
"the","to","and","of","a","by","in","that","mr","public","was","with","as","schools","about","andersons","be","british","classes","country","had","has","his","if","it","its","man","revolution","system","their","them","an","at","been","chattering","despite","did","down","film","former","from","not","nothing","october","on","one","or","popular","rather","school","0"
"the","a","and","br","in","mirror","she","this","with","an","be","finds","for","her","its","looking","more","of","old","people","rainbow","than","that","to","about","across","actings","advised","aforementioned","are","atrocious","bad","beetlejuice","between","black","boy","but","buy","candy","charlie","chick","chills","cinematic","compact","cross","cursed","d","each","endeavor","episode","0"
"of","the","and","is","to","i","a","in","film","as","one","by","from","good","it","that","this","what","any","br","but","can","does","ending","films","for","hope","lesser","love","mere","not","or","some","such","than","there","tragedy","vehicles","very","was","watch","world","yet","about","accentuated","acting","actor","actually","against","agent","1"
"the","is","in","of","a","and","that","half","there","this","to","with","you","all","film","first","for","have","he","house","much","not","old","second","strange","therefore","two","when","about","accomplished","actors","adman","against","amitabh","an","approach","are","as","bachchan","balkis","be","bittersweet","br","bring","but","by","camaraderie","can","cancer","captivating","0"
"the","love","that","a","in","about","and","first","her","i","is","story","their","with","witherspoon","acting","after","all","always","amazing","apart","awaybr","been","both","br","but","can","close","courtjason","danireese","each","ever","fade","falling","for","give","gives","great","has","have","heartbreaking","it","keep","london","man","maureenemily","moon","most","movie","neighbor","1"
"the","and","how","to","a","its","of","at","feel","films","gorilla","in","just","they","this","we","adversary","an","animal","animals","are","arent","because","but","cant","characters","children","close","contemplate","create","deal","do","emotions","enjoyed","especially","even","eyes","feminine","film","frightened","going","had","have","having","her","hollywood","humananimal","humans","i","if","1"
"the","i","movie","and","of","br","for","is","to","a","so","message","be","etc","great","it","this","about","britney","but","family","found","get","give","music","on","other","out","read","reviews","was","watched","what","actually","adult","age","an","any","are","area","as","average","bashing","began","bit","bloke","breezy","bright","by","care","1"
"the","of","and","on","a","i","about","br","gas","had","hand","is","like","me","one","other","this","with","all","antiheroine","apocalypse","appear","are","attack","before","beginningbr","best","but","by","chance","chilling","commented","dautre","doktor","et","fiction","film","five","frãulein","from","front","gallipoli","gem","glory","having","heard","hooked","horses","in","it","1"
"the","and","of","to","a","br","zombie","in","that","this","is","it","flick","was","with","fulci","zombies","film","he","one","really","so","some","we","dead","from","have","just","lucio","they","you","after","an","as","beginning","best","bruno","bunch","came","claudio","dawn","decided","directors","first","flicks","fragasso","gas","get","good","gotta","0"
"a","of","the","film","this","with","be","br","crime","films","you","but","by","disappointed","fun","if","in","is","may","slightly","some","that","things","to","way","and","annoying","arent","bad","charismatic","choices","criminal","did","do","dreams","east","even","familiar","for","good","great","hong","how","however","i","it","its","just","kong","lead","1"
"is","the","of","this","a","it","to","action","beautiful","being","good","in","movie","so","able","absolutely","actionhorrorromanticcomedygenre","and","are","balance","best","between","birthplace","bit","but","characters","compared","different","discover","easily","effects","favourites","flaw","from","genremixture","great","honkong","humour","hurts","ignored","ingredients","keeps","little","main","may","minor","modern","moods","movies","much","1"
"a","and","are","is","of","the","action","in","no","this","to","but","by","characters","each","hk","like","man","they","up","way","what","actors","affairs","allstar","almost","an","as","asian","away","between","biehn","blight","bring","cant","cast","certainly","cinema","classics","continuity","corny","couple","cut","dialogue","disjointed","double","dragon","dynastys","feel","flicks","0"
"and","the","in","is","a","lou","reb","are","i","this","to","fight","film","from","good","him","of","one","overly","scenes","sentimental","shot","super","that","vietnam","what","acting","action","actiondrama","all","as","at","away","back","backyard","bad","bar","be","bloody","brain","budget","cage","change","characters","cheap","convinced","damaged","die","easily","effects","0"
"the","it","movie","of","not","bad","i","is","to","was","does","a","and","just","second","seven","that","are","based","be","christ","from","on","part","scriptures","show","take","there","they","times","tribulation","wanted","about","acting","alone","antichrist","away","because","behind","better","bible","boiled","booksbr","bowls","br","called","cast","changing","character","close","0"
"the","a","in","and","of","by","into","this","to","an","bigfoot","boggy","country","creature","creek","kids","legend","that","abound","achingly","addition","adeptly","adorable","advance","affection","all","ann","as","assorted","astutely","at","banjopluckin","bay","be","bearlike","being","benevolent","bethards","big","blends","bluegrass","br","bratty","brew","brothers","but","called","capable","capturing","casual","1"
"the","br","to","is","it","ka","of","a","as","big","but","by","d","leung","tony","war","with","affairs","along","and","are","ashes","awards","bad","baton","be","behind","business","cannes","ceremonies","change","continued","democratic","elects","even","fai","faibr","far","fascinating","film","films","first","for","from","going","golden","good","happen","his","i","1"
"the","of","his","a","â","and","to","by","heston","coburn","with","in","as","at","br","for","this","coburnâs","from","gang","hershey","latter","be","had","hersheyâs","him","i","is","it","on","one","out","own","peckinpah","really","sam","then","though","western","while","will","accompanied","again","ageing","ahead","all","along","already","also","altogether","0"
"the","i","of","as","a","in","jerry","about","and","br","end","for","have","on","this","to","tom","above","adventure","almost","am","an","apple","be","behind","between","big","broken","busy","but","buys","candle","cartoon","cartoons","catbr","characters","commented","concerned","could","couldnt","definitely","dont","dvdbr","enjoyed","episode","exploration","fact","fans","far","farm","0"
"the","of","to","and","film","in","that","a","is","this","actors","for","i","would","all","be","believe","br","it","not","one","aag","alist","amitabh","are","attempt","been","bollywood","but","carry","cigarette","could","course","did","director","every","have","he","here","his","lets","light","like","movie","much","must","no","on","original","other","0"
"the","that","a","of","to","is","prom","end","film","happen","in","it","night","no","one","original","point","sequels","so","what","why","you","absolutely","act","all","and","are","audience","bad","badbr","bar","br","brutal","but","call","can","children","constantly","continuous","could","creating","crown","dark","dead","did","do","embarrassingly","entailed","eventually","explain","0"
"is","a","and","the","to","drummond","he","in","of","that","an","as","but","good","him","like","on","seems","so","this","who","action","acts","algie","also","another","anyone","anything","around","associates","at","be","became","behind","being","br","bruce","buffoonish","carrol","characters","city","comic","continuity","darkness","dont","elements","endingbr","endless","entry","even","0"
"the","a","to","and","of","with","that","in","it","movie","on","strange","as","cargo","characters","film","had","or","picture","terms","viewers","was","will","accept","action","agreed","all","allegory","along","although","always","any","appears","at","atmosphere","banned","bathedinlight","be","because","become","biblical","boston","bostondetroitprovidence","br","budget","by","cast","censors","christ","cities","0"
"a","the","to","in","and","i","music","she","that","is","it","was","but","classical","have","its","just","movie","would","at","for","no","of","singing","all","be","been","carmen","conservatory","did","had","how","if","know","little","not","professor","this","way","which","with","able","angela","as","being","britney","different","doesnt","from","good","0"
"the","and","a","is","of","to","for","film","on","br","but","im","in","all","exploitation","it","movie","this","was","an","i","isoyg","its","just","no","not","only","so","you","about","also","antirape","because","brutal","do","documentary","etc","everything","going","hard","have","one","plot","really","reviewers","scene","sexual","statement","that","there","0"
"the","and","a","had","in","to","was","of","with","his","br","him","on","lex","then","this","as","but","for","hart","out","title","wwe","against","all","came","he","lawler","luger","match","perfect","that","yokozuna","after","michaels","who","by","dibiase","into","it","matchbr","ramon","ring","tag","when","able","at","back","cornette","gonzales","1"
"the","and","of","that","a","i","is","just","with","about","all","crowes","film","for","has","his","in","performance","seems","to","acting","adulation","affairs","also","anyone","as","being","big","briefcase","but","caricature","clutching","commercial","context","dare","dodges","dont","ever","fine","get","grungy","hat","having","health","hollywood","ie","issues","it","its","known","0"
"the","and","of","to","a","is","with","he","her","man","br","de","director","film","for","his","hollywood","it","much","mysterious","psycho","sometimes","that","this","thrillers","vierde","about","addicted","affair","alfred","all","also","argentobr","as","atmosphere","author","basic","become","becomes","before","best","big","brilliant","by","career","cast","circumstancesbr","considered","country","create","1"
"the","and","he","is","to","great","him","his","love","ning","qian","them","then","too","when","where","while","xiao","a","add","all","also","are","as","at","between","buns","but","butt","chanting","chase","climbs","comedy","comic","cute","didnt","dodged","down","earth","eats","effects","escape","even","for","get","giant","greatest","guy","have","horror","1"
"a","and","i","the","this","was","better","film","have","it","script","accentit","acting","after","atmosphere","attention","baaaaaad","bad","because","been","behaves","botched","branaghs","but","by","cast","characters","could","director","disappointment","ending","good","had","hollywood","improbable","in","kenneth","like","line","locations","missed","much","never","nice","no","notch","of","one","outside","paid","0"
"the","of","i","a","and","that","it","in","one","at","have","is","jay","to","was","br","but","from","its","just","made","mm","point","time","all","as","be","blah","boring","characters","comes","could","dont","end","for","geeks","go","hanks","has","here","heyday","if","low","mazes","monsters","more","movie","mundane","not","nowhere","0"
"i","that","it","my","a","for","this","with","and","away","film","from","how","many","on","people","shy","so","to","was","about","accident","across","actually","all","although","am","are","attention","br","brought","buddies","bulimics","buy","by","came","can","consequences","copy","couldnt","deals","dieting","directors","disorders","dont","eating","everyone","fairly","films","friendbr","1"
"the","a","is","be","because","i","worse","you","as","but","can","casting","in","it","not","of","see","to","want","with","agent","all","and","anything","are","at","awful","br","carrying","cast","citybratlook","completely","could","day","did","divorced","done","dont","doris","else","everybody","exception","family","germanbr","gun","guy","hand","havent","him","hurt","0"
"the","a","of","is","and","to","in","as","have","film","that","this","but","for","her","not","on","sunny","who","all","br","goldie","one","with","about","can","good","has","state","was","which","american","an","been","blonde","by","character","department","emir","his","it","job","like","made","more","ohtar","protocol","satire","their","there","0"
"the","and","br","i","of","up","a","back","best","bob","ever","joe","late","live","monstervision","night","show","to","with","you","all","anyone","belongmonstervision","bloom","briggs","but","come","didnt","doubt","drivein","driveinbr","else","friday","from","grew","high","hosting","hours","if","in","john","kept","know","long","me","memories","missing","my","nights","on","1"
"the","of","a","all","and","as","films","is","me","not","this","to","very","actress","admittedly","artist","be","best","both","but","chan","cute","cynthia","early","entertaining","film","funniest","good","greatest","have","her","i","it","jackie","lady","martial","may","most","movies","ms","probably","reminds","rothrock","rothrocks","seen","she","virtually","was","watch","while","1"
"the","horrible","of","to","a","is","and","in","that","have","his","i","it","just","killing","new","one","this","university","was","your","able","acting","after","although","batch","be","believe","better","br","brief","cheap","cleaner","clichãd","college","deal","despite","dialogue","do","effects","entertaining","era","escapes","for","from","girls","graphic","group","gunk","hard","0"
"the","a","has","to","cheaply","film","i","is","little","made","movie","something","weird","about","acted","among","an","be","beginning","can","definitely","do","dont","drives","even","favorite","films","for","good","have","horror","however","idea","in","it","karate","me","my","offer","pain","poorly","save","say","scene","seen","so","still","this","thousand","type","0"
"the","some","are","and","a","of","this","very","segment","from","in","is","segments","that","to","all","as","film","because","being","br","censored","dead","documentaries","egypt","fashion","i","mexico","not","on","others","over","powerful","see","simply","theme","uk","weak","which","while","with","you","about","abstract","almost","american","americans","another","any","anyone","1"
"and","his","in","of","this","a","add","an","awesome","be","beat","br","choreography","comedy","comical","could","creativebr","dark","deadly","displays","dont","final","get","gordon","got","great","has","he","him","is","it","johnny","knot","liu","lot","lots","manchu","mess","mix","movie","not","one","really","ruthless","seeing","shines","showdown","side","so","stunts","1"
"the","and","in","movie","to","a","i","as","for","on","this","was","who","adult","an","credits","have","just","or","out","that","actor","at","be","early","even","films","gone","great","had","he","kids","lincoln","made","more","movies","not","of","people","s","some","than","tigers","would","years","acting","aesop","ago","all","already","0"
"is","movie","the","this","and","it","a","br","i","be","like","of","to","on","than","about","could","he","herbie","how","in","just","kids","only","that","what","with","â","ability","actor","actually","after","all","also","any","are","base","beatle","before","better","but","by","car","cast","cheatedbr","climb","come","confession","crap","didnt","0"
"the","is","br","in","excellent","i","it","out","sheen","this","when","a","about","action","along","and","as","came","coming","cool","daysbr","disappointed","eludes","ending","far","figure","ford","generations","good","grandbr","has","have","he","highway","his","im","interest","junk","low","martin","masses","more","morrow","most","mountainous","movie","movies","much","nick","nolte","1"
"and","the","as","his","it","of","a","about","but","caring","family","for","slow","straights","with","aging","along","alvin","caps","career","change","chronicle","dad","daughter","david","deere","eccentric","farnsworth","film","flinty","genuine","get","has","he","her","him","isolation","john","journey","kind","learn","lifeaffirming","loss","lynchs","matches","meets","modern","most","moves","much","1"
"the","a","of","to","and","br","his","in","by","city","for","is","american","are","but","cold","conman","daring","dreams","dustin","film","films","hoffman","hustler","john","jon","lame","leave","soon","this","voigt","with","adds","adventures","an","aspects","barrys","based","basic","befriended","being","best","big","bitter","body","brass","brilliant","certain","classic","comes","1"
"of","the","and","a","is","movie","or","people","their","to","effect","either","films","has","its","miracle","on","that","very","almost","angry","are","art","be","beaters","before","bravo","bret","by","carr","cause","child","cinema","combined","confront","darkest","ever","extremist","from","guess","i","identity","in","interactive","ive","lasting","laughter","leave","level","liberated","1"
"the","a","to","of","and","this","you","in","its","on","blood","that","with","as","be","br","film","is","more","so","all","are","arthur","ben","do","films","or","sam","such","then","us","view","whatever","your","academy","across","alas","ally","also","amateur","arts","assembled","at","attempt","bass","beginning","being","best","better","bizarre","0"
"the","to","is","that","a","of","in","and","i","it","joe","are","he","as","movie","ratso","was","there","cowboy","for","jon","what","at","can","dustin","many","me","scene","so","some","want","where","who","br","by","character","has","have","hoffman","how","midnight","on","people","scenes","this","voight","when","about","all","although","1"
"the","and","in","action","of","to","a","as","is","movies","this","for","high","movie","shannon","there","was","you","arts","bruce","cinema","fast","genuinely","her","lee","martial","paced","that","up","able","adventure","already","are","away","before","begin","believe","block","bolster","bond","brandon","brother","chip","come","content","createdi","daughter","dead","debut","die","1"
"her","and","football","playing","to","was","a","i","it","parents","the","archie","at","but","coach","good","great","how","jazz","jonathon","kiera","loves","meyers","nagra","parminder","play","she","this","want","when","abroad","am","an","awards","because","big","contained","cook","dad","end","film","find","for","get","glad","go","hollywoodbollywood","in","is","joe","1"
"the","and","of","a","film","is","his","it","that","to","i","reda","about","but","father","there","very","an","be","br","fascinating","hajj","he","in","islam","muslim","out","so","some","son","think","traditional","unusual","when","acted","actually","agrees","also","angry","announces","annoy","appreciated","as","aspect","attitudes","began","being","blue","both","characters","1"
"a","to","br","by","of","the","video","are","at","bad","but","film","in","not","or","there","and","blood","lesbians","make","no","nudity","some","actors","all","amateur","an","appears","apply","arm","arms","as","attached","bands","be","bed","better","bit","black","bother","bought","brown","budget","buy","camera","could","creditsthe","cut","didnt","editing","0"
"is","movie","of","this","could","it","the","a","all","and","are","be","because","br","but","even","for","hrs","i","no","one","say","story","that","there","watching","worth","you","your","about","above","an","answer","anyone","bother","cry","daring","do","dobr","does","dont","eitherbr","eur","experiment","fear","feeling","first","great","guess","images","0"
"the","this","i","movie","and","for","of","that","at","was","a","about","again","but","is","it","my","never","no","not","oppression","previews","see","with","would","wouldve","ad","ads","all","an","arrested","awful","bait","be","been","brutal","came","campaign","delivery","depressing","end","expect","expecting","first","girlfriend","goldberg","had","have","hours","how","0"
"the","and","to","a","as","her","of","is","on","between","that","with","an","are","for","has","it","she","actresses","br","but","in","lilly","marshall","mother","never","rachel","role","there","this","three","up","who","all","andrus","at","be","casting","close","daughter","does","georgia","have","his","i","lillys","looks","make","new","problem","0"
"the","of","and","at","it","this","to","a","his","movie","dont","for","or","such","tears","there","through","tomorrow","you","am","amazed","an","another","as","attempt","back","banality","barrel","because","beer","beergutted","behold","bloody","bottom","bounces","brilliant","but","comedy","common","conan","crap","decency","doesnt","dry","ducks","even","eyes","fantastic","finished","fl","0"
"a","but","the","you","an","be","film","have","on","probably","then","to","advantage","are","argue","arguing","as","awful","br","brilliant","can","celebrating","certain","cheering","clinching","could","dont","each","early","fighting","filmbr","finer","fist","fiving","flaws","for","general","get","hackman","high","idea","im","knowledge","lots","many","naval","never","not","of","one","0"
"the","and","a","of","in","films","race","but","to","good","is","her","it","with","be","black","for","i","mandy","entertainment","film","micheaux","that","great","lena","they","this","blacks","by","hollywood","if","most","movie","out","she","their","these","were","would","actors","actresses","are","best","better","cora","could","harlem","have","man","me","1"
"the","a","is","br","have","it","this","to","at","badly","i","may","of","you","after","also","amazingly","and","animation","anime","audience","awful","bad","been","beers","blindbr","colour","cremator","designed","dialogue","do","else","enjoyment","every","executed","failure","festival","few","film","for","found","from","glean","good","hilarious","hired","idea","if","in","introduction","0"
"the","and","is","of","to","a","in","you","but","her","that","having","see","she","this","at","emma","for","good","i","it","its","more","while","with","all","are","as","awakening","beckinsale","book","both","characters","childlike","do","frank","has","if","just","kate","movie","one","others","own","paltrow","real","remorse","some","their","version","1"
"and","a","to","the","from","for","his","in","of","actress","air","an","at","be","corporal","doris","he","hes","is","like","most","out","sings","song","while","acts","actually","airplane","allstar","also","another","appearances","are","around","arriving","aspects","baritone","base","battle","bedside","between","bicycle","bros","budding","but","cagney","carrier","causing","celebrities","childish","0"
"the","to","and","is","at","it","just","of","this","a","its","see","that","br","film","forget","in","or","story","accidentally","acting","all","allbr","anyone","badly","being","bother","by","cable","celluloid","channels","characters","comical","day","days","does","dont","effects","energy","even","every","exist","first","for","gold","heart","hideous","horrible","how","i","0"
"of","the","i","this","a","but","that","to","all","an","by","dont","film","one","you","about","adequate","am","americans","and","are","ashamed","avoid","can","career","cast","charms","could","dialogue","diaz","didnt","each","easily","equal","even","ever","expression","fear","final","flat","for","generated","got","grasp","have","havent","horrible","if","im","in","0"
"the","a","is","movie","are","it","make","not","there","zombies","and","at","definitely","finally","i","in","just","much","sense","that","this","to","was","again","all","also","an","applied","artistic","because","believe","best","but","cannot","comments","created","credits","director","do","does","ever","experience","explained","eye","few","finished","five","for","girl","if","0"
"and","of","he","cage","his","roles","to","a","in","these","actor","an","as","can","cher","energy","interesting","is","kind","love","more","story","the","type","with","accent","across","actors","almost","are","at","attempts","be","beat","because","better","between","boasts","body","but","cages","cast","central","character","chemistry","clever","comes","commit","considerable","control","0"
"the","of","her","davis","in","to","that","for","a","br","is","was","as","bondage","human","she","afi","performance","dangerous","it","on","oscar","star","actors","been","bette","by","film","have","acting","actor","century","great","greatest","i","one","performances","reach","so","st","th","with","years","after","an","are","at","award","awarding","because","1"
"the","to","and","a","in","on","time","from","i","it","look","my","shelf","will","at","back","be","br","but","can","case","cast","confess","disorient","distract","disturbed","dust","dvd","end","few","filmbr","follow","for","gather","generation","have","having","howlers","imagine","is","me","must","not","of","one","only","or","plot","poorly","product","0"
"the","to","a","and","was","budget","have","i","it","of","that","were","you","acting","are","but","good","movie","one","out","played","pretty","see","this","well","when","who","account","actually","along","asst","at","been","better","big","boy","camera","child","coming","could","couple","director","done","enjoyed","films","for","fx","grasp","guy","had","1"
"the","a","of","and","in","are","is","there","another","by","has","professor","time","br","characters","movie","one","sociology","to","an","any","at","been","body","cover","for","her","how","killer","later","little","or","passage","person","photo","really","scene","scenes","stabbing","such","talking","title","we","all","also","always","arent","as","ask","asylum","0"
"the","of","and","is","as","a","drugs","for","it","to","in","about","all","on","are","but","enough","at","more","not","over","really","there","times","who","documentary","does","no","one","or","some","that","those","tv","what","with","years","actually","almost","be","br","by","classes","couple","covered","decades","different","drug","example","from","1"
"her","the","is","it","that","to","was","a","all","be","for","in","of","on","she","this","trash","utter","alas","also","apart","appeared","appreciated","ariauna","ariaunas","body","but","cant","co","definite","disinterested","effort","find","from","garbage","gave","grace","grates","hard","heroic","however","humour","i","impression","indeed","just","lilith","magician","must","needed","0"
"i","the","a","and","movie","in","is","old","that","to","years","about","but","it","like","when","im","of","he","its","really","they","u","was","watch","curly","get","have","how","if","kids","lot","one","only","out","so","sue","time","alisan","also","am","at","do","done","dont","every","from","go","guy","kind","1"
"i","its","the","is","a","child","film","one","that","this","about","and","as","br","but","dont","know","not","of","on","problem","too","who","act","adopts","although","amy","asinine","awful","because","being","best","better","boy","buy","cant","childless","comic","could","couple","devilish","did","disagree","does","either","ever","foolishly","for","four","goofiest","0"
"i","and","a","the","it","of","is","that","br","this","as","to","was","bad","dani","for","his","in","movie","not","couple","just","my","then","after","can","do","filth","gore","have","no","on","sense","so","we","why","you","are","back","be","black","but","cat","cgi","cradle","fact","fans","funny","got","guts","0"
"the","a","to","and","is","he","in","as","family","that","with","br","film","hardy","her","his","judge","together","will","affair","after","also","andy","are","back","be","but","daughter","everything","has","holds","home","how","joan","marion","mother","of","only","our","polly","time","was","watch","action","again","ager","all","always","america","american","1"
"a","and","in","to","hot","is","the","this","all","allen","cafe","film","he","her","maggie","nancy","out","rex","richard","actors","always","are","arizona","asks","bothered","breaks","broadcast","calling","caught","comes","cop","decides","different","down","easy","eat","fast","for","gets","grieco","griecorexdead","guard","have","hell","help","hewittdressed","himare","however","it","kill","1"
"i","a","the","it","at","cinema","to","but","didnt","however","in","is","no","omen","out","saw","see","so","that","this","tv","was","what","when","about","and","around","as","baby","bad","baptism","being","bring","brought","came","chance","chills","couldnt","cries","decent","dialogue","did","during","enjoyed","fan","faye","film","finally","for","from","0"
"the","of","and","to","a","blow","out","speech","are","biko","by","can","freedom","important","is","it","this","why","you","about","activism","against","also","an","apartheid","attention","because","begins","bring","brought","but","candle","cant","catch","changes","democracy","donald","essential","film","fire","flame","free","from","gabriel","gives","higher","how","i","in","injustice","1"
"the","a","movie","to","in","for","is","and","be","br","but","of","that","was","i","who","wives","about","are","do","dont","it","on","rodney","roll","there","they","an","anything","best","character","correctness","even","fantasy","features","has","hes","if","jokes","just","kept","kidding","like","mans","must","my","never","not","old","one","0"
"the","of","a","and","has","but","by","for","it","to","ali","do","enduring","his","i","only","other","through","us","accomplished","alienating","art","as","at","attempted","audience","badly","believe","both","can","century","class","comment","condition","consciousness","cost","difficult","director","dislikably","duke","dull","effects","effort","elitist","enjoyed","experience","eyes","film","filmmaker","france","0"
"the","a","and","of","with","in","to","who","but","its","is","his","as","kurosawa","on","not","that","for","has","like","people","some","theres","it","sometimes","these","are","around","br","little","one","or","woman","all","also","an","at","be","big","characters","dodeskaden","father","from","goes","had","him","making","man","more","much","1"
"and","is","the","bad","movie","that","i","see","this","to","a","br","end","freddy","get","half","his","hour","in","just","of","they","we","abusive","actors","alcoholic","alice","all","are","arnold","at","back","backstory","beginning","best","better","bit","but","cameosbr","cant","cartoon","character","cooperbr","d","do","ever","family","father","feel","from","0"
"the","of","are","movie","but","i","it","so","a","actually","and","for","give","in","is","italian","to","abnormal","absolutely","acting","actors","actresses","adults","an","awful","bad","being","character","children","detail","disjointed","does","dvd","ear","emotions","exaggerated","fancy","foreign","full","genuine","glimpse","go","has","how","hurts","incidents","into","jock","kink","life","0"
"the","a","was","and","it","to","this","i","of","on","at","bad","but","go","kid","movie","people","though","you","about","acting","actually","admire","affairs","again","all","alright","an","anyways","apart","around","attempt","be","bit","bottom","cheesy","christian","clichã","combination","comment","cops","crap","decided","did","different","dude","effort","every","failed","felt","0"
"the","in","to","with","and","film","is","of","no","a","all","annes","as","at","bad","but","good","not","on","one","part","plays","points","running","scene","see","she","this","up","was","why","about","acting","almost","anne","any","are","background","be","beginning","being","book","bother","breaths","captain","case","concert","deeply","disappointing","effacing","0"
"and","a","an","from","is","lamas","lorenzo","movie","so","any","are","arent","as","atrocious","backwoods","bad","bagged","bell","billed","but","by","cheaply","cop","destroy","even","exvietnam","few","followed","gagged","goes","good","hanging","has","his","improved","jack","josie","kelly","laughs","made","minutes","mission","of","on","overall","palillo","rednecks","renegade","ron","save","0"
"the","a","and","of","to","this","film","is","be","bourne","i","as","not","on","at","dont","evil","for","from","movie","plot","scenes","was","any","but","cia","do","even","every","good","he","how","in","old","so","they","well","about","all","an","are","by","cant","chased","did","directing","does","editing","editor","end","0"
"was","and","eddie","the","i","of","a","delirious","ever","he","time","to","you","â","all","for","from","funny","greatest","his","murphy","never","not","old","pryor","richard","routines","see","seen","were","when","able","after","as","before","being","big","boring","borrowed","both","built","but","castle","comedians","comedy","days","difference","do","during","dvd","1"
"the","a","and","is","of","through","to","are","br","gouald","in","who","episodes","stargate","they","called","get","go","more","on","sg","team","that","this","as","bad","can","episode","first","from","gate","guys","has","his","inserted","lines","meet","not","once","onworld","see","show","some","story","them","there","very","we","with","years","1"
"it","and","a","entertainment","fine","not","acting","again","all","around","as","braveheart","characters","classic","engaging","enjoy","enjoyed","film","filmbut","good","great","has","held","i","is","its","last","movie","over","released","thankfullybut","this","time","to","up","upon","very","viewing","was","watchable","weekfind","well","when","with",NA,NA,NA,NA,NA,NA,"1"
"the","and","i","of","a","was","when","in","is","star","vader","dark","darth","it","luke","on","with","all","are","battle","but","emperor","film","know","leia","scenes","ships","skywalker","that","this","wars","about","against","anakin","anguishing","as","astonished","awesome","be","best","between","bikini","br","brought","by","calomari","cinematography","co","combat","crime","1"
"the","and","you","film","in","like","is","it","this","a","are","as","but","for","i","if","really","stammer","to","very","allen","appear","artistic","arts","atmosphere","be","bin","bored","budget","by","cd","channeling","college","comes","constantly","denero","diehard","does","dollar","each","edgy","even","everyone","fans","feel","films","found","horrible","hum","know","0"
"the","is","i","movie","of","best","no","this","a","are","but","ever","for","great","it","out","there","acting","and","angles","another","arent","art","bar","begin","believe","better","big","budget","bunch","camera","cast","crappy","crash","dear","do","film","films","god","goten","has","have","he","hope","in","instead","island","ive","know","most","1"
